{"cameraMode":{"drawMode":0,"name":"Shaded","section":"Shading Mode"},"sceneLighting":true,"audioPlay":false,"sceneViewState":{"showFog":false,"showMaterialUpdate":false,"showSkybox":false,"showFlares":false,"showImageEffects":false,"showParticleSystems":false},"in2DMode":false,"pivot":{"x":-7.144990921020508,"y":9.74730110168457,"z":2.317959785461426},"rotation":{"x":-0.1376613825559616,"y":-0.05435148999094963,"z":0.007565345149487257,"w":-0.9889587759971619},"size":4.20865535736084,"orthographic":false}